{"cameraMode":{"drawMode":0,"name":"Shaded","section":"Shading Mode"},"sceneLighting":true,"audioPlay":false,"sceneViewState":{"showFog":true,"showMaterialUpdate":false,"showSkybox":true,"showFlares":true,"showImageEffects":true,"showParticleSystems":true},"in2DMode":false,"pivot":{"x":-0.08871188759803772,"y":1.1066515445709229,"z":-0.047232866287231448},"rotation":{"x":-0.0002675822179298848,"y":0.9950709939002991,"z":-0.09914612770080567,"w":-0.0026861948426812889},"size":4.062004089355469,"orthographic":false}